use hospital_db;

insert into Department values 
(1, 'Emergency', 'Building A'),
(2, 'Cardiology', 'Building B'),
(3, 'Orthopedics', 'Building C'),
(4, 'Neurology', 'Building D');

insert into Patient (dob, sex, ethnicity, created_at) values 
('1985-04-12', 'M', 'African', '2026-01-05'),
('1992-07-18', 'F', 'Hispanic', '2026-01-05'),
('1976-11-30', 'F', 'Asian', '2026-01-06'),
('2001-01-19', 'M', 'African', '2026-01-06'),
('1998-08-10', 'F', 'White', '2026-01-07'),
('1999-07-23', 'M', 'Native American', '2026-01-12'),
('2000-06-13', 'F', 'White', '2026-01-13'),
('1988-04-13', 'F', 'African', '2026-01-13'),
('2004-05-01', 'M', 'Hispanic', '2026-01-13'),
('2002-06-06', 'F', 'African', '2026-01-13'),
('2002-08-11', 'M', 'African', '2026-01-14'),
('1991-12-08', 'F', 'Asian', '2026-01-14'),
('1987-03-25', 'M', 'Hispanic', '2026-01-14'),
('1986-02-26', 'F', 'White', '2026-01-14'),
('1997-11-18', 'M', 'Asian', '2026-01-14'),
('1999-05-23', 'F', 'White', '2026-01-15'),
('2003-09-08', 'F', 'Pacific Islander', '2026-01-15'),
('2000-07-23', 'M', 'Asian', '2026-01-15'),
('1986-08-08', 'M', 'Native American', '2026-01-16'),
('2000-07-03', 'F', 'Pacific Islander', '2026-01-17'),
('1998-12-26', 'M', 'White', '2026-01-20'),
('1999-09-11', 'M', 'African', '2026-01-22');


insert into Provider values 
(1, 'Emergency Medicine', 'Emergency Physician', 1),
(2, 'Emergency Medicine', 'Physician Assistant', 1),
(3, 'Emergency Medicine', 'Nurse Practicioner', 1),
(4, 'Emergency Medicine', 'Triage Nurse', 1),
(5, 'Emergency Medicine', 'Paramedic', 1),
(6, 'Emergency Medicine', 'Paraamedic', 1),
(7, 'Emergency Medicine', 'Paramedic', 1),
(8, 'Emergency Medicine', 'Radiology Techncician', 1),
(9, 'Emergency Medicine', 'Support Staff', 1),
(10, 'Emergency Medicine', 'Support Staff', 1),
(11, 'Cardiology', 'General Cardiologist', 2),
(12, 'Cardiology', 'Electrophysiologist', 2),
(13, 'Cardiology', 'Heart Failure Specialist', 2),
(14, 'Cardiology', 'Cardio-Oncologist', 2),
(15, 'Cardiology', 'Cardiovascular Surgeon', 2),
(16, 'Cardiology', 'Imaging Specialist', 2),
(17, 'Cardiology', 'Cardiovascular Nurse', 2),
(18, 'Cardiology', 'Cardiac Sonographer', 2),
(19, 'Cardiology', 'Cardiovascular Technologist', 2),
(20, 'Cardiology', 'Patient Care Assistant', 2),
(21, 'Orthopedics', 'Orthopedic Surgeon', 3),
(22, 'Orthopedics', 'Orthopedic Surgeon', 3),
(23, 'Orthopedics', 'Physican Assistant', 3),
(24, 'Orthopedics', 'Nurse Practioner', 3),
(25, 'Orthopedics', 'Orthopedic Technologist', 3),
(26, 'Orthopedics', 'Registered Nurse', 3),
(27, 'Orthopedics', 'Physcial Therapist', 3),
(28, 'Orthopedics', 'Occupational Therpaist', 3),
(29, 'Orthopedics', 'Orthopedic Subspecialist', 3),
(30, 'Orthopedics', 'Physiatrist', 3),
(31, 'Neurology', 'Neurologist', 4),
(32, 'Neurology', 'Neurologist', 4),
(33, 'Neurology', 'Neurosurgeon', 4),
(34, 'Neurology', 'Neurosurgeon', 4),
(35, 'Neurology', 'Specialist Nurse', 4),
(36, 'Neurology', 'Specialist Nurse', 4),
(37, 'Neurology', 'Neuro-intensvist', 4),
(38, 'Neurology', 'Specialist Nurse', 4),
(39, 'Neruology', 'Techician', 4),
(40, 'Neurology', 'Technician', 4);

/* Normal workload  */
insert into Encounter 
(patient_id, dept_id, encounter_date, discharge_date, encounter_type ) values
(6, 1, '2026-01-05', '2026-01-05', 'ER'),
(7, 1, '2026-01-05', '2026-01-05', 'ER'),
(8, 2, '2026-01-06', '2026-01-09', 'Inpatient'),
(9, 3, '2026-01-06', '2026-01-11', 'Surgery'),
(10, 4, '2026-01-07', '2026-01-07', 'Consultation'),
(6, 1, '2026-01-12','2026-01-12', 'Follow-up' ),
(7, 1, '2026-01-12', '2026-01-12', 'Follow-up'),
(11, 2, '2026-01-12', '2026-01-15', 'Inpatient'),
(8, 2,'2026-01-13', '2026-01-13', 'Follow-up'),
(12, 3, '2026-01-13', '2026-01-16', 'Surgery'),
(13, 4, '2026-01-13', '2026-01-13', 'Consultation'),
(14, 1, '2026-01-13', '2026-01-13', 'ER'),
(15, 2, '2026-01-13', '2026-01-13', 'Outpatient'),
(16, 3, '2026-01-14', '2026-01-19', 'Surgery'),
(10, 4, '2026-01-14', '2026-01-14', 'Follow-up'),
(17, 1, '2026-01-14', '2026-01-14', 'ER'),
(18, 2, '2026-01-14', '2026-01-14', 'Outpatient'),
(19, 4, '2026-01-14', '2026-01-14', 'Consultation'),
(20, 3, '2026-01-14', '2026-01-19', 'Surgery'),
(9, 3, '2026-01-15', '2026-01-15', 'Follow-up'),
(21, 2, '2026-01-15', '2026-01-21', 'Inpatient'),
(22, 2, '2026-01-15', '2026-01-15', 'Outpatient'),
(23, 1, '2026-01-15', '2026-01-15', 'ER'),
(24, 4, '2026-01-16', '2026-01-16', 'Consultation'),
(25, 3, '2026-01-17', '2026-01-22', 'Surgery'),
(8, 2, '2026-01-19', '2026-01-19', 'Follow-up'),
(13, 4, '2026-01-19', '2026-01-19', 'Follow-up'),
(14, 1, '2026-01-19', '2026-01-19', 'Follow-up'),
(15, 2, '2026-01-19', '2026-01-19', 'Follow-up'),
(10, 4, '2026-01-20', '2026-01-20', 'Follow-up'),
(17, 1, '2026-01-20', '2026-01-20', 'Follow-up'),
(18, 2, '2026-01-20', '2026-01-20', 'Follow-up'),
(19, 4, '2026-01-20', '2026-01-20', 'Follow-up'),
(26, 3, '2026-01-20', '2026-01-22', 'Surgery'),
(11, 2, '2026-01-21', '2026-01-21', 'Follow-up'),
(23, 1, '2026-01-21', '2026-01-21', 'Follow-up'),
(22, 2, '2026-01-22', '2026-01-22', 'Follow-up'),
(27, 1, '2026-01-22', '2026-01-22', 'ER'),
(9, 3, '2026-01-22', '2026-01-22', 'Rehab'),
(12, 3, '2026-01-23', '2026-01-23', 'Follow-up'),
(24, 4, '2026-01-23', '2026-01-23', 'Follow-up'),
(13, 4, '2026-01-26', '2026-01-26', 'Follow-up'),
(16, 3, '2026-01-26', '2026-01-26', 'Follow-up'),
(20, 3, '2026-01-26', '2026-01-26', 'Follow-up'),
(19, 4, '2026-01-27', '2026-01-27', 'Follow-up'),
(11, 2, '2026-01-28', '2026-01-28', 'Follow-up'),
(21, 2, '2026-01-28', '2026-01-28', 'Follow-up'),
(27, 1, '2026-01-29', '2026-01-29', 'Follow-up'),
(26, 3, '2026-01-29', '2026-01-29', 'Follow-up'),
(24, 4, '2026-01-31', '2026-01-31', 'Follow-up'),
(12, 3, '2026-01-31', '2026-01-31', 'Rehab'),
(21, 2, '2026-02-03', '2026-02-03', 'Follow-up'),
(25, 3, '2026-02-04', '2026-02-04', 'Follow-up'),
(16, 3, '2026-02-05', '2026-02-05', 'Rehab'),
(20, 3, '2026-02-05', '2026-02-05', 'Rehab'),
(26, 3, '2026-02-08', '2026-02-08', 'Rehab'),
(25, 3, '2026-02-14', '2026-02-14', 'Rehab');

insert into Diagnosis (encounter_id, icd10_code, diagnosis_date) values
(1, 'I10', '2026-01-05'),
(2, 'J18.9', '2026-01-05'),
(3, 'I21.9', '2026-01-06'),
(4, 'S72.001A', '2026-01-06'),
(5, 'G40.909', '2026-01-07'),
(6, 'I10', '2026-01-12'),
(7, 'J18.9', '2026-01-12'),
(8, 'I50.9', '2026-01-12'),
(9, 'I21.9', '2026-01-13'),
(10, 'M16.9', '2026-01-13'),
(11, 'G43.909', '2026-01-13'),
(12, 'R07.9', '2026-01-13'),
(13, 'I48.91', '2026-01-13'),
(14, 'S83.509A', '2026-01-14'),
(15, 'G40.909', '2026-01-14'),
(16, 'I10', '2026-01-14'),
(17, 'I50.9', '2026-01-14'),
(18, 'I63.9', '2026-01-14'),
(19, 'S72.001A', '2026-01-14'),
(20, 'S72.001A', '2026-01-15'),
(21, 'I21.9', '2026-01-15'),
(22, 'I48.91', '2026-01-15'),
(23, 'R07.9', '2026-01-15'),
(24, 'G43.909', '2026-01-16'),
(25, 'M16.9', '2026-01-17'),
(26, 'I21.9', '2026-01-19'),
(27, 'G43.909', '2026-01-19'),
(28, 'R07.9', '2026-01-19'),
(29, 'I48.91', '2026-01-19'),
(30, 'G40.909', '2026-01-20'),
(31, 'I10', '2026-01-20'),
(32, 'I50.9', '2026-01-20'),
(33, 'S72.001A', '2026-01-20'),
(34, 'S83.509A', '2026-01-20'),
(35, 'I50.9', '2026-01-21'),
(36, 'R07.9', '2026-01-21'),
(37, 'I48.91', '2026-01-22'),
(38, 'I10', '2026-01-22'),
(39, 'S72.001A', '2026-01-22'),
(40, 'M16.9', '2026-01-23'),
(41, 'G43.909', '2026-01-23'),
(42, 'G43.909', '2026-01-26'),
(43, 'S83.509A', '2026-01-26'),
(44, 'S72.001A', '2026-01-26'),
(45, 'S72.001A', '2026-01-27'),
(46, 'I50.9', '2026-01-28'),
(47, 'I21.9', '2026-01-28'),
(48, 'G43.909', '2026-01-29'),
(49, 'S83.509A', '2026-01-29'),
(50, 'G43.909', '2026-01-31'),
(51, 'M16.9', '2026-01-31'),
(52, 'I21.9', '2026-02-03'),
(53, 'M16.9', '2026-02-04'),
(54, 'S83.509A', '2026-02-05'),
(55, 'S72.001A', '2026-02-05'),
(56, 'S83.509A', '2026-02-08'),
(57, 'M16.9', '2026-02-14');


insert into Observation (encounter_id, loinc_code, observation_type, value, unit, observed_at) values 
(1, "8867-4", "Heart Rate", 110, "bpm", '2026-01-05'),
(1, "8480-6", "Blood Pressure", 145, "mmHg", '2026-01-05'),
(2, "8310-5", "Temperature", 101, "F", "2026-01-05" ),
(2, "8867-4", "Heart Rate", 110, "bpm", "2026-01-05"),
(3, "8310-5", "Temperature", 101, "F", '2026-01-06'),
(3, "8867-4", "Heart Rate", 110, "bpm", '2026-01-06'),
(4, "29463-7", "Weight", 75, "kg", '2026-01-06'),
(5, "8867-4", "Heart Rate", 75, "bpm", '2026-01-07'),
(6, "8867-4", "Heart Rate", 75, "bpm", '2026-01-12'),
(6, "8480-6", "Blood Pressure", 110, "mmHg", '2026-01-12'),
(7, "8310-5", "Temperature", 98, "F", '2026-01-12'),
(7, "8867-4", "Heart Rate", 75, "bpm", '2026-01-12'),
(8, "8867-4", "Heart Rate", 110, "bpm", '2026-01-12'),
(8, "8480-6", "Blood Pressure", 145, "mmHg", '2026-01-12'),
(9, "8867-4", "Heart Rate", 75, "bpm", '2026-01-13'),
(9, "8480-6", "Blood Pressure", 110, "mmHg", '2026-01-13'),
(10, "29463-7", "Weight", 95, "kg", '2026-01-13'),
(11, "8867-4", "Heart Rate", 75, "bpm", '2026-01-13'),
(12, "8867-4", "Heart Rate", 110, "bpm", '2026-01-13'),
(12, "8480-6", "Blood Pressure", 145, "mmHg", '2026-01-13'),
(13, "8867-4", "Heart Rate", 110, "bpm", '2026-01-13'),
(13, "8480-6", "Blood Pressure", 145, "mmHg", '2026-01-13'),
(14, "29463-7", "Weight", 75, "kg", '2026-01-14'),
(16, "8867-4", "Heart Rate", 110, "bpm", '2026-01-14'),
(16, "8480-6", "Blood Pressure", 145, "mmHg", '2026-01-14'),
(17, "8867-4", "Heart Rate", 110, "bpm", '2026-01-14'),
(17, "8480-6", "Blood Pressure", 145, "mmHg", '2026-01-14'),
(18, "8867-4", "Heart Rate", 75, "bpm", '2026-01-14'),
(19, "29463.7", "Weight", 75, "kg", '2026-01-14'),
(21, "8867-4", "Heart Rate", 110, "bpm", '2026-01-15'),
(21, "8480-6", "Blood Pressure", 145, "mmHg", '2026-01-15'),
(22, "8867-4", "Heart Rate", 110, "bpm", '2026-01-15'),
(22, "8480-6", "Blood Pressure", 145, "mmHg", '2026-01-15'),
(23, "8867-4", "Heart Rate", 110, "bpm", '2026-01-15'),
(23, "8480-6", "Blood Pressure", 145, "mmHg", '2026-01-15'),
(24, "8867-4", "Heart Rate", 75, "bpm", '2026-01-16'),
(25, "29463-7", "Weight", 95, "kg", '2026-01-17'),
(28, "8867-4", "Heart Rate", 75, "bpm", '2026-01-19'),
(28, "8480-6", "Blood Pressure", 110, "mmHg", '2026-01-19'),
(29, "8867-4", "Heart Rate", 75, "bpm", '2026-01-19'),
(29, "8480-6", "Blood Pressure", 110, "mmHg", '2026-01-19'),
(31, "8867-4", "Heart Rate", 75, "bpm", '2026-01-20'),
(31, "8480-6", "Blood Pressure", 110, "mmHg", '2026-01-20'),
(32, "8867-4", "Heart Rate", 75, "bpm", '2026-01-20'),
(32, "8480-6", "Blood Pressure", 110, "mmHg", '2026-01-20'),
(34, "29463-7", "Weight", 75, "kg", '2026-01-20'),
(35, "8867-4", "Heart Rate", 75, "bpm", '2026-01-21'),
(35, "8480-6", "Blood Pressure", 110, "mmHg", '2026-01-21'),
(36, "8867-4", "Heart Rate", 75, "bpm", '2026-01-21'),
(36, "8480-6", "Blood Pressure", 110, "mmHg", '2026-01-21'),
(37, "8867-4", "Heart Rate", 75, "bpm", '2026-01-22'),
(37, "8480-6", "Blood Pressure", 110, "mmHg", '2026-01-22'),
(38, "8867-4", "Heart Rate", 110, "bpm", '2026-01-22'),
(38, "8480-6", "Blood Pressure", 145, "mmHg", '2026-01-22'),
(47, "8867-4", "Heart Rate", 75, "bpm", '2026-01-28'),
(47, "8480-6", "Blood Pressure", 110, "mmHg", '2026-01-28'),
(48, "8867-4", "Heart Rate", 75, "bpm", '2026-01-29'),
(48, "8480-6", "Blood Pressure", 110, "mmHg", '2026-01-29');

INSERT INTO Medication (drug_name, dosage, route) VALUES
('Lisinopril','10mg','Oral'),
('Metformin','500mg','Oral'),
('Amoxicillin','500mg','Oral'),
('Aspirin','81mg','Oral'),
('Morphine','5mg','IV'),
('Ibuprofen','400mg','Oral'),
('Atorvastatin','20mg','Oral');

INSERT INTO Medication_Administration
(encounter_id, provider_id, medication_id, administered_at) VALUES
-- Emergency (HTN / chest pain)
(1,1,1,'2026-01-05'),
(2,3,3,'2026-01-05'),
-- Cardiology
(3,11,4,'2026-01-06'),
(8,12,7,'2026-01-12'),
(9,11,4,'2026-01-13'),
-- Orthopedic (pain)
(4,21,5,'2026-01-06'),
(10,23,6,'2026-01-13'),
(14,22,6,'2026-01-14'),
-- Neurology
(5,31,6,'2026-01-07'),
(11,31,6,'2026-01-13'),
-- Follow-ups (lighter meds)
(6,2,1,'2026-01-12'),
(7,3,3,'2026-01-12'),
-- Mixed cases
(12,1,4,'2026-01-13'),
(13,11,7,'2026-01-13'),
(16,23,6,'2026-01-14'),
(17,1,5,'2026-01-14'),
-- Later timeline
(21,11,4,'2026-01-15'),
(22,12,7,'2026-01-15'),
(23,1,1,'2026-01-15'),
(25,21,5,'2026-01-17'),
(28,31,6,'2026-01-19'),
(29,11,4,'2026-01-19'),
(31,1,1,'2026-01-20'),
(32,12,7,'2026-01-20'),
(35,11,4,'2026-01-21'),
(36,1,1,'2026-01-21'),
(37,12,7,'2026-01-22'),
(38,1,1,'2026-01-22'),
(47,11,4,'2026-01-28'),
(48,1,1,'2026-01-29');

insert into Staffing_Notes( staffing_date, staff_status) values
('2026-01-11', 'Overstaffed'),
('2026-01-18', 'Understaffed'),
('2026-01-25', 'Staffed'),
('2026-02-01', 'Staffed'),
('2026-02-08', 'Overstaffed'),
('2026-02-15', 'Overstaffed');










